Model,Accuracy,Precision,Recall,F1 Score,AUC-ROC
Logistic Regression,0.6956521739130435,0.6926406926406926,0.810126582278481,0.7467911318553092,0.7469787437305947
Random Forest,0.7012622720897616,0.7156398104265402,0.7645569620253164,0.7392900856793145,0.7729599554175621
XGBoost,0.7040673211781207,0.7222222222222222,0.7569620253164557,0.7391841779975278,0.7637369636175464
Decision Tree,0.635343618513324,0.6618705035971223,0.6987341772151898,0.6798029556650246,0.6276689754000477
SVM,0.5539971949509116,0.5539971949509116,1.0,0.7129963898916968,0.6278043149430778
Gradient Boosting,0.7194950911640954,0.7315914489311164,0.779746835443038,0.7549019607843137,0.7894753602420189
KNN,0.5904628330995793,0.6061855670103092,0.7443037974683544,0.6681818181818182,0.589980893240984
Naive Bayes,0.6844319775596073,0.6888888888888889,0.7848101265822784,0.7337278106508875,0.7448690390892445
